{"cameraMode":{"drawMode":0,"name":"Shaded","section":"Shading Mode"},"sceneLighting":false,"audioPlay":false,"sceneViewState":{"showFog":true,"showMaterialUpdate":false,"showSkybox":false,"showFlares":true,"showImageEffects":true,"showParticleSystems":true},"in2DMode":false,"pivot":{"x":9.010000228881836,"y":0.6349999904632568,"z":0.3600001335144043},"rotation":{"x":-0.24850603938102723,"y":0.630354642868042,"z":-0.22354745864868165,"w":-0.7006946802139282},"size":5.066804885864258,"orthographic":false}