{"cameraMode":{"drawMode":0,"name":"Shaded","section":"Shading Mode"},"sceneLighting":false,"audioPlay":false,"sceneViewState":{"showFog":true,"showMaterialUpdate":false,"showSkybox":false,"showFlares":true,"showImageEffects":true,"showParticleSystems":true},"in2DMode":false,"pivot":{"x":-14.729999542236329,"y":0.029999997466802598,"z":11.369999885559082},"rotation":{"x":-0.24850603938102723,"y":0.630354642868042,"z":-0.22354745864868165,"w":-0.7006946802139282},"size":1.7705931663513184,"orthographic":false}