{"cameraMode":{"drawMode":0,"name":"Shaded","section":"Shading Mode"},"sceneLighting":false,"audioPlay":false,"sceneViewState":{"showFog":true,"showMaterialUpdate":false,"showSkybox":false,"showFlares":true,"showImageEffects":true,"showParticleSystems":true},"in2DMode":false,"pivot":{"x":0.03344237804412842,"y":1.9350001811981202,"z":6.090000152587891},"rotation":{"x":-0.24850603938102723,"y":0.630354642868042,"z":-0.22354745864868165,"w":-0.7006946802139282},"size":2.0630462169647219,"orthographic":false}