{"cameraMode":{"drawMode":0,"name":"Shaded","section":"Shading Mode"},"sceneLighting":false,"audioPlay":false,"sceneViewState":{"showFog":true,"showMaterialUpdate":false,"showSkybox":false,"showFlares":true,"showImageEffects":true,"showParticleSystems":true},"in2DMode":false,"pivot":{"x":-11.729999542236329,"y":1.630000114440918,"z":9.760000228881836},"rotation":{"x":-0.24850603938102723,"y":0.630354642868042,"z":-0.22354745864868165,"w":-0.7006946802139282},"size":2.126616954803467,"orthographic":false}